name,iter,time,count
PYRICCATICPP [eps=1e-12;epsh=1e-13;n=35][l=1.0;m=0.5;lb=416.5;rb=417.5],0,0.3730037212371826,32
PYRICCATICPP [eps=1e-12;epsh=1e-13;n=35][l=1.0;m=0.5;lb=1035;rb=1037],0,0.46837639808654785,36
PYRICCATICPP [eps=1e-12;epsh=1e-13;n=35][l=1.0;m=0.5;lb=21930;rb=21940],0,0.9301412105560303,30
PYRICCATICPP [eps=1e-12;epsh=1e-13;n=35][l=1.0;m=0.5;lb=471100;rb=471110],0,1.8546168804168701,24
PYRICCATICPP [eps=1e-12;epsh=1e-13;n=20][l=1.0;m=0.5;lb=416.5;rb=417.5],0,0.2758815288543701,32
PYRICCATICPP [eps=1e-12;epsh=1e-13;n=20][l=1.0;m=0.5;lb=1035;rb=1037],0,0.3820023536682129,36
PYRICCATICPP [eps=1e-12;epsh=1e-13;n=20][l=1.0;m=0.5;lb=21930;rb=21940],0,0.7615170478820801,30
PYRICCATICPP [eps=1e-12;epsh=1e-13;n=20][l=1.0;m=0.5;lb=471100;rb=471110],0,1.785520315170288,24
PYRICCATICPP [eps=1e-06;epsh=1e-07;n=35][l=1.0;m=0.5;lb=416.5;rb=417.5],0,0.28603339195251465,32
PYRICCATICPP [eps=1e-06;epsh=1e-07;n=35][l=1.0;m=0.5;lb=1035;rb=1037],0,0.4142129421234131,36
PYRICCATICPP [eps=1e-06;epsh=1e-07;n=35][l=1.0;m=0.5;lb=21930;rb=21940],0,0.9457736015319824,30
PYRICCATICPP [eps=1e-06;epsh=1e-07;n=35][l=1.0;m=0.5;lb=471100;rb=471110],0,2.253965139389038,24
PYRICCATICPP [eps=1e-06;epsh=1e-07;n=20][l=1.0;m=0.5;lb=416.5;rb=417.5],0,0.2500648498535156,32
PYRICCATICPP [eps=1e-06;epsh=1e-07;n=20][l=1.0;m=0.5;lb=1035;rb=1037],0,0.352755069732666,36
PYRICCATICPP [eps=1e-06;epsh=1e-07;n=20][l=1.0;m=0.5;lb=21930;rb=21940],0,0.7373909950256348,30
PYRICCATICPP [eps=1e-06;epsh=1e-07;n=20][l=1.0;m=0.5;lb=471100;rb=471110],0,1.6948459148406982,24
PYRICCATICPP [eps=1e-12;epsh=1e-13;n=35][l=1.0;m=0.5;lb=416.5;rb=417.5],1,0.37319135665893555,32
PYRICCATICPP [eps=1e-12;epsh=1e-13;n=35][l=1.0;m=0.5;lb=1035;rb=1037],1,0.4409675598144531,36
PYRICCATICPP [eps=1e-12;epsh=1e-13;n=35][l=1.0;m=0.5;lb=21930;rb=21940],1,0.9132108688354492,30
PYRICCATICPP [eps=1e-12;epsh=1e-13;n=35][l=1.0;m=0.5;lb=471100;rb=471110],1,1.8196470737457275,24
PYRICCATICPP [eps=1e-12;epsh=1e-13;n=20][l=1.0;m=0.5;lb=416.5;rb=417.5],1,0.26946544647216797,32
PYRICCATICPP [eps=1e-12;epsh=1e-13;n=20][l=1.0;m=0.5;lb=1035;rb=1037],1,0.383620023727417,36
PYRICCATICPP [eps=1e-12;epsh=1e-13;n=20][l=1.0;m=0.5;lb=21930;rb=21940],1,0.7675859928131104,30
PYRICCATICPP [eps=1e-12;epsh=1e-13;n=20][l=1.0;m=0.5;lb=471100;rb=471110],1,1.7425706386566162,24
PYRICCATICPP [eps=1e-06;epsh=1e-07;n=35][l=1.0;m=0.5;lb=416.5;rb=417.5],1,0.26973414421081543,32
PYRICCATICPP [eps=1e-06;epsh=1e-07;n=35][l=1.0;m=0.5;lb=1035;rb=1037],1,0.38585591316223145,36
PYRICCATICPP [eps=1e-06;epsh=1e-07;n=35][l=1.0;m=0.5;lb=21930;rb=21940],1,0.8717706203460693,30
PYRICCATICPP [eps=1e-06;epsh=1e-07;n=35][l=1.0;m=0.5;lb=471100;rb=471110],1,2.1820592880249023,24
PYRICCATICPP [eps=1e-06;epsh=1e-07;n=20][l=1.0;m=0.5;lb=416.5;rb=417.5],1,0.24057388305664062,32
PYRICCATICPP [eps=1e-06;epsh=1e-07;n=20][l=1.0;m=0.5;lb=1035;rb=1037],1,0.34777283668518066,36
PYRICCATICPP [eps=1e-06;epsh=1e-07;n=20][l=1.0;m=0.5;lb=21930;rb=21940],1,0.7355003356933594,30
PYRICCATICPP [eps=1e-06;epsh=1e-07;n=20][l=1.0;m=0.5;lb=471100;rb=471110],1,1.6999011039733887,24
PYRICCATICPP [eps=1e-12;epsh=1e-13;n=35][l=1.0;m=0.5;lb=416.5;rb=417.5],2,0.36827778816223145,32
PYRICCATICPP [eps=1e-12;epsh=1e-13;n=35][l=1.0;m=0.5;lb=1035;rb=1037],2,0.43681812286376953,36
PYRICCATICPP [eps=1e-12;epsh=1e-13;n=35][l=1.0;m=0.5;lb=21930;rb=21940],2,0.9203474521636963,30
PYRICCATICPP [eps=1e-12;epsh=1e-13;n=35][l=1.0;m=0.5;lb=471100;rb=471110],2,1.8285324573516846,24
PYRICCATICPP [eps=1e-12;epsh=1e-13;n=20][l=1.0;m=0.5;lb=416.5;rb=417.5],2,0.26598286628723145,32
PYRICCATICPP [eps=1e-12;epsh=1e-13;n=20][l=1.0;m=0.5;lb=1035;rb=1037],2,0.3658745288848877,36
PYRICCATICPP [eps=1e-12;epsh=1e-13;n=20][l=1.0;m=0.5;lb=21930;rb=21940],2,0.7482752799987793,30
PYRICCATICPP [eps=1e-12;epsh=1e-13;n=20][l=1.0;m=0.5;lb=471100;rb=471110],2,1.7352643013000488,24
PYRICCATICPP [eps=1e-06;epsh=1e-07;n=35][l=1.0;m=0.5;lb=416.5;rb=417.5],2,0.27736353874206543,32
PYRICCATICPP [eps=1e-06;epsh=1e-07;n=35][l=1.0;m=0.5;lb=1035;rb=1037],2,0.38571882247924805,36
PYRICCATICPP [eps=1e-06;epsh=1e-07;n=35][l=1.0;m=0.5;lb=21930;rb=21940],2,0.8702044486999512,30
PYRICCATICPP [eps=1e-06;epsh=1e-07;n=35][l=1.0;m=0.5;lb=471100;rb=471110],2,2.1721603870391846,24
PYRICCATICPP [eps=1e-06;epsh=1e-07;n=20][l=1.0;m=0.5;lb=416.5;rb=417.5],2,0.24501419067382812,32
PYRICCATICPP [eps=1e-06;epsh=1e-07;n=20][l=1.0;m=0.5;lb=1035;rb=1037],2,0.3465297222137451,36
PYRICCATICPP [eps=1e-06;epsh=1e-07;n=20][l=1.0;m=0.5;lb=21930;rb=21940],2,0.7321012020111084,30
PYRICCATICPP [eps=1e-06;epsh=1e-07;n=20][l=1.0;m=0.5;lb=471100;rb=471110],2,1.697321891784668,24
PYRICCATICPP [eps=1e-12;epsh=1e-13;n=35][l=1.0;m=0.5;lb=416.5;rb=417.5],3,0.3677229881286621,32
PYRICCATICPP [eps=1e-12;epsh=1e-13;n=35][l=1.0;m=0.5;lb=1035;rb=1037],3,0.4309999942779541,36
PYRICCATICPP [eps=1e-12;epsh=1e-13;n=35][l=1.0;m=0.5;lb=21930;rb=21940],3,0.9102702140808105,30
PYRICCATICPP [eps=1e-12;epsh=1e-13;n=35][l=1.0;m=0.5;lb=471100;rb=471110],3,1.8222682476043701,24
PYRICCATICPP [eps=1e-12;epsh=1e-13;n=20][l=1.0;m=0.5;lb=416.5;rb=417.5],3,0.2676088809967041,32
PYRICCATICPP [eps=1e-12;epsh=1e-13;n=20][l=1.0;m=0.5;lb=1035;rb=1037],3,0.3638441562652588,36
PYRICCATICPP [eps=1e-12;epsh=1e-13;n=20][l=1.0;m=0.5;lb=21930;rb=21940],3,0.7585463523864746,30
PYRICCATICPP [eps=1e-12;epsh=1e-13;n=20][l=1.0;m=0.5;lb=471100;rb=471110],3,1.729741096496582,24
PYRICCATICPP [eps=1e-06;epsh=1e-07;n=35][l=1.0;m=0.5;lb=416.5;rb=417.5],3,0.27381014823913574,32
PYRICCATICPP [eps=1e-06;epsh=1e-07;n=35][l=1.0;m=0.5;lb=1035;rb=1037],3,0.3906526565551758,36
PYRICCATICPP [eps=1e-06;epsh=1e-07;n=35][l=1.0;m=0.5;lb=21930;rb=21940],3,0.8678689002990723,30
PYRICCATICPP [eps=1e-06;epsh=1e-07;n=35][l=1.0;m=0.5;lb=471100;rb=471110],3,2.1586079597473145,24
PYRICCATICPP [eps=1e-06;epsh=1e-07;n=20][l=1.0;m=0.5;lb=416.5;rb=417.5],3,0.23975086212158203,32
PYRICCATICPP [eps=1e-06;epsh=1e-07;n=20][l=1.0;m=0.5;lb=1035;rb=1037],3,0.3447587490081787,36
PYRICCATICPP [eps=1e-06;epsh=1e-07;n=20][l=1.0;m=0.5;lb=21930;rb=21940],3,0.7334537506103516,30
PYRICCATICPP [eps=1e-06;epsh=1e-07;n=20][l=1.0;m=0.5;lb=471100;rb=471110],3,1.6735541820526123,24
PYRICCATICPP [eps=1e-12;epsh=1e-13;n=35][l=1.0;m=0.5;lb=416.5;rb=417.5],4,0.3849215507507324,32
PYRICCATICPP [eps=1e-12;epsh=1e-13;n=35][l=1.0;m=0.5;lb=1035;rb=1037],4,0.4279356002807617,36
PYRICCATICPP [eps=1e-12;epsh=1e-13;n=35][l=1.0;m=0.5;lb=21930;rb=21940],4,0.9254422187805176,30
PYRICCATICPP [eps=1e-12;epsh=1e-13;n=35][l=1.0;m=0.5;lb=471100;rb=471110],4,1.8077831268310547,24
PYRICCATICPP [eps=1e-12;epsh=1e-13;n=20][l=1.0;m=0.5;lb=416.5;rb=417.5],4,0.27501559257507324,32
PYRICCATICPP [eps=1e-12;epsh=1e-13;n=20][l=1.0;m=0.5;lb=1035;rb=1037],4,0.3659343719482422,36
PYRICCATICPP [eps=1e-12;epsh=1e-13;n=20][l=1.0;m=0.5;lb=21930;rb=21940],4,0.7489051818847656,30
PYRICCATICPP [eps=1e-12;epsh=1e-13;n=20][l=1.0;m=0.5;lb=471100;rb=471110],4,1.732196569442749,24
PYRICCATICPP [eps=1e-06;epsh=1e-07;n=35][l=1.0;m=0.5;lb=416.5;rb=417.5],4,0.27082252502441406,32
PYRICCATICPP [eps=1e-06;epsh=1e-07;n=35][l=1.0;m=0.5;lb=1035;rb=1037],4,0.3864738941192627,36
PYRICCATICPP [eps=1e-06;epsh=1e-07;n=35][l=1.0;m=0.5;lb=21930;rb=21940],4,0.8767552375793457,30
PYRICCATICPP [eps=1e-06;epsh=1e-07;n=35][l=1.0;m=0.5;lb=471100;rb=471110],4,2.292802333831787,24
PYRICCATICPP [eps=1e-06;epsh=1e-07;n=20][l=1.0;m=0.5;lb=416.5;rb=417.5],4,0.290271520614624,32
PYRICCATICPP [eps=1e-06;epsh=1e-07;n=20][l=1.0;m=0.5;lb=1035;rb=1037],4,0.36206912994384766,36
PYRICCATICPP [eps=1e-06;epsh=1e-07;n=20][l=1.0;m=0.5;lb=21930;rb=21940],4,0.7353143692016602,30
PYRICCATICPP [eps=1e-06;epsh=1e-07;n=20][l=1.0;m=0.5;lb=471100;rb=471110],4,1.7202956676483154,24
PYRICCATICPP [eps=1e-12;epsh=1e-13;n=35][l=1.0;m=0.5;lb=416.5;rb=417.5],5,0.37546515464782715,32
PYRICCATICPP [eps=1e-12;epsh=1e-13;n=35][l=1.0;m=0.5;lb=1035;rb=1037],5,0.4296271800994873,36
PYRICCATICPP [eps=1e-12;epsh=1e-13;n=35][l=1.0;m=0.5;lb=21930;rb=21940],5,0.9133880138397217,30
PYRICCATICPP [eps=1e-12;epsh=1e-13;n=35][l=1.0;m=0.5;lb=471100;rb=471110],5,1.8337316513061523,24
PYRICCATICPP [eps=1e-12;epsh=1e-13;n=20][l=1.0;m=0.5;lb=416.5;rb=417.5],5,0.28103184700012207,32
PYRICCATICPP [eps=1e-12;epsh=1e-13;n=20][l=1.0;m=0.5;lb=1035;rb=1037],5,0.37920546531677246,36
PYRICCATICPP [eps=1e-12;epsh=1e-13;n=20][l=1.0;m=0.5;lb=21930;rb=21940],5,0.7870609760284424,30
PYRICCATICPP [eps=1e-12;epsh=1e-13;n=20][l=1.0;m=0.5;lb=471100;rb=471110],5,1.7694592475891113,24
PYRICCATICPP [eps=1e-06;epsh=1e-07;n=35][l=1.0;m=0.5;lb=416.5;rb=417.5],5,0.2727046012878418,32
PYRICCATICPP [eps=1e-06;epsh=1e-07;n=35][l=1.0;m=0.5;lb=1035;rb=1037],5,0.3875870704650879,36
PYRICCATICPP [eps=1e-06;epsh=1e-07;n=35][l=1.0;m=0.5;lb=21930;rb=21940],5,0.8877286911010742,30
PYRICCATICPP [eps=1e-06;epsh=1e-07;n=35][l=1.0;m=0.5;lb=471100;rb=471110],5,2.29335618019104,24
PYRICCATICPP [eps=1e-06;epsh=1e-07;n=20][l=1.0;m=0.5;lb=416.5;rb=417.5],5,0.2417128086090088,32
PYRICCATICPP [eps=1e-06;epsh=1e-07;n=20][l=1.0;m=0.5;lb=1035;rb=1037],5,0.3460361957550049,36
PYRICCATICPP [eps=1e-06;epsh=1e-07;n=20][l=1.0;m=0.5;lb=21930;rb=21940],5,0.7589025497436523,30
PYRICCATICPP [eps=1e-06;epsh=1e-07;n=20][l=1.0;m=0.5;lb=471100;rb=471110],5,1.7113313674926758,24
PYRICCATICPP [eps=1e-12;epsh=1e-13;n=35][l=1.0;m=0.5;lb=416.5;rb=417.5],6,0.37157273292541504,32
PYRICCATICPP [eps=1e-12;epsh=1e-13;n=35][l=1.0;m=0.5;lb=1035;rb=1037],6,0.4510505199432373,36
PYRICCATICPP [eps=1e-12;epsh=1e-13;n=35][l=1.0;m=0.5;lb=21930;rb=21940],6,0.9560949802398682,30
PYRICCATICPP [eps=1e-12;epsh=1e-13;n=35][l=1.0;m=0.5;lb=471100;rb=471110],6,1.9218671321868896,24
PYRICCATICPP [eps=1e-12;epsh=1e-13;n=20][l=1.0;m=0.5;lb=416.5;rb=417.5],6,0.2662346363067627,32
PYRICCATICPP [eps=1e-12;epsh=1e-13;n=20][l=1.0;m=0.5;lb=1035;rb=1037],6,0.3711578845977783,36
PYRICCATICPP [eps=1e-12;epsh=1e-13;n=20][l=1.0;m=0.5;lb=21930;rb=21940],6,0.74825119972229,30
PYRICCATICPP [eps=1e-12;epsh=1e-13;n=20][l=1.0;m=0.5;lb=471100;rb=471110],6,1.7412934303283691,24
PYRICCATICPP [eps=1e-06;epsh=1e-07;n=35][l=1.0;m=0.5;lb=416.5;rb=417.5],6,0.27195310592651367,32
PYRICCATICPP [eps=1e-06;epsh=1e-07;n=35][l=1.0;m=0.5;lb=1035;rb=1037],6,0.39266538619995117,36
PYRICCATICPP [eps=1e-06;epsh=1e-07;n=35][l=1.0;m=0.5;lb=21930;rb=21940],6,0.8908164501190186,30
PYRICCATICPP [eps=1e-06;epsh=1e-07;n=35][l=1.0;m=0.5;lb=471100;rb=471110],6,2.2081775665283203,24
PYRICCATICPP [eps=1e-06;epsh=1e-07;n=20][l=1.0;m=0.5;lb=416.5;rb=417.5],6,0.24379539489746094,32
PYRICCATICPP [eps=1e-06;epsh=1e-07;n=20][l=1.0;m=0.5;lb=1035;rb=1037],6,0.3467445373535156,36
PYRICCATICPP [eps=1e-06;epsh=1e-07;n=20][l=1.0;m=0.5;lb=21930;rb=21940],6,0.7359299659729004,30
PYRICCATICPP [eps=1e-06;epsh=1e-07;n=20][l=1.0;m=0.5;lb=471100;rb=471110],6,1.7639172077178955,24
PYRICCATICPP [eps=1e-12;epsh=1e-13;n=35][l=1.0;m=0.5;lb=416.5;rb=417.5],7,0.3869619369506836,32
PYRICCATICPP [eps=1e-12;epsh=1e-13;n=35][l=1.0;m=0.5;lb=1035;rb=1037],7,0.42982029914855957,36
PYRICCATICPP [eps=1e-12;epsh=1e-13;n=35][l=1.0;m=0.5;lb=21930;rb=21940],7,0.9274559020996094,30
PYRICCATICPP [eps=1e-12;epsh=1e-13;n=35][l=1.0;m=0.5;lb=471100;rb=471110],7,1.8325064182281494,24
PYRICCATICPP [eps=1e-12;epsh=1e-13;n=20][l=1.0;m=0.5;lb=416.5;rb=417.5],7,0.28260254859924316,32
PYRICCATICPP [eps=1e-12;epsh=1e-13;n=20][l=1.0;m=0.5;lb=1035;rb=1037],7,0.37000441551208496,36
PYRICCATICPP [eps=1e-12;epsh=1e-13;n=20][l=1.0;m=0.5;lb=21930;rb=21940],7,0.7611489295959473,30
PYRICCATICPP [eps=1e-12;epsh=1e-13;n=20][l=1.0;m=0.5;lb=471100;rb=471110],7,1.8246817588806152,24
PYRICCATICPP [eps=1e-06;epsh=1e-07;n=35][l=1.0;m=0.5;lb=416.5;rb=417.5],7,0.28942322731018066,32
PYRICCATICPP [eps=1e-06;epsh=1e-07;n=35][l=1.0;m=0.5;lb=1035;rb=1037],7,0.39195919036865234,36
PYRICCATICPP [eps=1e-06;epsh=1e-07;n=35][l=1.0;m=0.5;lb=21930;rb=21940],7,0.909285306930542,30
PYRICCATICPP [eps=1e-06;epsh=1e-07;n=35][l=1.0;m=0.5;lb=471100;rb=471110],7,2.213408946990967,24
PYRICCATICPP [eps=1e-06;epsh=1e-07;n=20][l=1.0;m=0.5;lb=416.5;rb=417.5],7,0.2577478885650635,32
PYRICCATICPP [eps=1e-06;epsh=1e-07;n=20][l=1.0;m=0.5;lb=1035;rb=1037],7,0.3534390926361084,36
PYRICCATICPP [eps=1e-06;epsh=1e-07;n=20][l=1.0;m=0.5;lb=21930;rb=21940],7,0.7502908706665039,30
PYRICCATICPP [eps=1e-06;epsh=1e-07;n=20][l=1.0;m=0.5;lb=471100;rb=471110],7,1.7112443447113037,24
PYRICCATICPP [eps=1e-12;epsh=1e-13;n=35][l=1.0;m=0.5;lb=416.5;rb=417.5],8,0.3920760154724121,32
PYRICCATICPP [eps=1e-12;epsh=1e-13;n=35][l=1.0;m=0.5;lb=1035;rb=1037],8,0.4325542449951172,36
PYRICCATICPP [eps=1e-12;epsh=1e-13;n=35][l=1.0;m=0.5;lb=21930;rb=21940],8,0.9241185188293457,30
PYRICCATICPP [eps=1e-12;epsh=1e-13;n=35][l=1.0;m=0.5;lb=471100;rb=471110],8,1.8256175518035889,24
PYRICCATICPP [eps=1e-12;epsh=1e-13;n=20][l=1.0;m=0.5;lb=416.5;rb=417.5],8,0.2754499912261963,32
PYRICCATICPP [eps=1e-12;epsh=1e-13;n=20][l=1.0;m=0.5;lb=1035;rb=1037],8,0.3689117431640625,36
PYRICCATICPP [eps=1e-12;epsh=1e-13;n=20][l=1.0;m=0.5;lb=21930;rb=21940],8,0.7514767646789551,30
PYRICCATICPP [eps=1e-12;epsh=1e-13;n=20][l=1.0;m=0.5;lb=471100;rb=471110],8,1.7576816082000732,24
PYRICCATICPP [eps=1e-06;epsh=1e-07;n=35][l=1.0;m=0.5;lb=416.5;rb=417.5],8,0.2737908363342285,32
PYRICCATICPP [eps=1e-06;epsh=1e-07;n=35][l=1.0;m=0.5;lb=1035;rb=1037],8,0.3864302635192871,36
PYRICCATICPP [eps=1e-06;epsh=1e-07;n=35][l=1.0;m=0.5;lb=21930;rb=21940],8,0.8779823780059814,30
PYRICCATICPP [eps=1e-06;epsh=1e-07;n=35][l=1.0;m=0.5;lb=471100;rb=471110],8,2.207057476043701,24
PYRICCATICPP [eps=1e-06;epsh=1e-07;n=20][l=1.0;m=0.5;lb=416.5;rb=417.5],8,0.24175763130187988,32
PYRICCATICPP [eps=1e-06;epsh=1e-07;n=20][l=1.0;m=0.5;lb=1035;rb=1037],8,0.34534764289855957,36
PYRICCATICPP [eps=1e-06;epsh=1e-07;n=20][l=1.0;m=0.5;lb=21930;rb=21940],8,0.743128776550293,30
PYRICCATICPP [eps=1e-06;epsh=1e-07;n=20][l=1.0;m=0.5;lb=471100;rb=471110],8,1.685624361038208,24
PYRICCATICPP [eps=1e-12;epsh=1e-13;n=35][l=1.0;m=0.5;lb=416.5;rb=417.5],9,0.36786341667175293,32
PYRICCATICPP [eps=1e-12;epsh=1e-13;n=35][l=1.0;m=0.5;lb=1035;rb=1037],9,0.4273219108581543,36
PYRICCATICPP [eps=1e-12;epsh=1e-13;n=35][l=1.0;m=0.5;lb=21930;rb=21940],9,0.9004652500152588,30
PYRICCATICPP [eps=1e-12;epsh=1e-13;n=35][l=1.0;m=0.5;lb=471100;rb=471110],9,1.8234922885894775,24
PYRICCATICPP [eps=1e-12;epsh=1e-13;n=20][l=1.0;m=0.5;lb=416.5;rb=417.5],9,0.2655022144317627,32
PYRICCATICPP [eps=1e-12;epsh=1e-13;n=20][l=1.0;m=0.5;lb=1035;rb=1037],9,0.36686182022094727,36
PYRICCATICPP [eps=1e-12;epsh=1e-13;n=20][l=1.0;m=0.5;lb=21930;rb=21940],9,0.7883200645446777,30
PYRICCATICPP [eps=1e-12;epsh=1e-13;n=20][l=1.0;m=0.5;lb=471100;rb=471110],9,1.7774536609649658,24
PYRICCATICPP [eps=1e-06;epsh=1e-07;n=35][l=1.0;m=0.5;lb=416.5;rb=417.5],9,0.2702910900115967,32
PYRICCATICPP [eps=1e-06;epsh=1e-07;n=35][l=1.0;m=0.5;lb=1035;rb=1037],9,0.387880802154541,36
PYRICCATICPP [eps=1e-06;epsh=1e-07;n=35][l=1.0;m=0.5;lb=21930;rb=21940],9,0.8686201572418213,30
PYRICCATICPP [eps=1e-06;epsh=1e-07;n=35][l=1.0;m=0.5;lb=471100;rb=471110],9,2.163632392883301,24
PYRICCATICPP [eps=1e-06;epsh=1e-07;n=20][l=1.0;m=0.5;lb=416.5;rb=417.5],9,0.24872255325317383,32
PYRICCATICPP [eps=1e-06;epsh=1e-07;n=20][l=1.0;m=0.5;lb=1035;rb=1037],9,0.3610343933105469,36
PYRICCATICPP [eps=1e-06;epsh=1e-07;n=20][l=1.0;m=0.5;lb=21930;rb=21940],9,0.7368650436401367,30
PYRICCATICPP [eps=1e-06;epsh=1e-07;n=20][l=1.0;m=0.5;lb=471100;rb=471110],9,1.6645047664642334,24
DOP853 [rtol=1e-12; atol=1e-13][l=1.0;m=0.5;lb=416.5;rb=417.5],0,2.6562628746032715,32
DOP853 [rtol=1e-12; atol=1e-13][l=1.0;m=0.5;lb=1035;rb=1037],0,5.192260980606079,36
DOP853 [rtol=1e-12; atol=1e-13][l=1.0;m=0.5;lb=21930;rb=21940],0,34.96275854110718,30
DOP853 [rtol=1e-12; atol=1e-13][l=1.0;m=0.5;lb=471100;rb=471110],0,254.98209595680237,24
DOP853 [rtol=1e-06; atol=1e-07][l=1.0;m=0.5;lb=416.5;rb=417.5],0,0.4563782215118408,32
DOP853 [rtol=1e-06; atol=1e-07][l=1.0;m=0.5;lb=1035;rb=1037],0,0.9328184127807617,38
DOP853 [rtol=1e-06; atol=1e-07][l=1.0;m=0.5;lb=21930;rb=21940],0,5.552110433578491,28
DOP853 [rtol=1e-06; atol=1e-07][l=1.0;m=0.5;lb=471100;rb=471110],0,37.23125672340393,20
DOP853 [rtol=1e-12; atol=1e-13][l=1.0;m=0.5;lb=416.5;rb=417.5],1,2.6253955364227295,32
DOP853 [rtol=1e-12; atol=1e-13][l=1.0;m=0.5;lb=1035;rb=1037],1,5.1367347240448,36
DOP853 [rtol=1e-12; atol=1e-13][l=1.0;m=0.5;lb=21930;rb=21940],1,34.20522952079773,30
DOP853 [rtol=1e-12; atol=1e-13][l=1.0;m=0.5;lb=471100;rb=471110],1,254.67557525634766,24
DOP853 [rtol=1e-06; atol=1e-07][l=1.0;m=0.5;lb=416.5;rb=417.5],1,0.4574625492095947,32
DOP853 [rtol=1e-06; atol=1e-07][l=1.0;m=0.5;lb=1035;rb=1037],1,0.9331037998199463,38
DOP853 [rtol=1e-06; atol=1e-07][l=1.0;m=0.5;lb=21930;rb=21940],1,5.566972732543945,28
DOP853 [rtol=1e-06; atol=1e-07][l=1.0;m=0.5;lb=471100;rb=471110],1,37.270665645599365,20
DOP853 [rtol=1e-12; atol=1e-13][l=1.0;m=0.5;lb=416.5;rb=417.5],2,2.617658853530884,32
DOP853 [rtol=1e-12; atol=1e-13][l=1.0;m=0.5;lb=1035;rb=1037],2,5.137920618057251,36
DOP853 [rtol=1e-12; atol=1e-13][l=1.0;m=0.5;lb=21930;rb=21940],2,34.13313102722168,30
DOP853 [rtol=1e-12; atol=1e-13][l=1.0;m=0.5;lb=471100;rb=471110],2,253.75311160087585,24
DOP853 [rtol=1e-06; atol=1e-07][l=1.0;m=0.5;lb=416.5;rb=417.5],2,0.4596374034881592,32
DOP853 [rtol=1e-06; atol=1e-07][l=1.0;m=0.5;lb=1035;rb=1037],2,0.9361429214477539,38
DOP853 [rtol=1e-06; atol=1e-07][l=1.0;m=0.5;lb=21930;rb=21940],2,5.571291923522949,28
DOP853 [rtol=1e-06; atol=1e-07][l=1.0;m=0.5;lb=471100;rb=471110],2,37.221134662628174,20
DOP853 [rtol=1e-12; atol=1e-13][l=1.0;m=0.5;lb=416.5;rb=417.5],3,2.631082773208618,32
DOP853 [rtol=1e-12; atol=1e-13][l=1.0;m=0.5;lb=1035;rb=1037],3,5.142295837402344,36
DOP853 [rtol=1e-12; atol=1e-13][l=1.0;m=0.5;lb=21930;rb=21940],3,33.99788999557495,30
DOP853 [rtol=1e-12; atol=1e-13][l=1.0;m=0.5;lb=471100;rb=471110],3,254.06226587295532,24
DOP853 [rtol=1e-06; atol=1e-07][l=1.0;m=0.5;lb=416.5;rb=417.5],3,0.4570636749267578,32
DOP853 [rtol=1e-06; atol=1e-07][l=1.0;m=0.5;lb=1035;rb=1037],3,0.9308450222015381,38
DOP853 [rtol=1e-06; atol=1e-07][l=1.0;m=0.5;lb=21930;rb=21940],3,5.573602914810181,28
DOP853 [rtol=1e-06; atol=1e-07][l=1.0;m=0.5;lb=471100;rb=471110],3,37.24238967895508,20
DOP853 [rtol=1e-12; atol=1e-13][l=1.0;m=0.5;lb=416.5;rb=417.5],4,2.6101725101470947,32
DOP853 [rtol=1e-12; atol=1e-13][l=1.0;m=0.5;lb=1035;rb=1037],4,5.144723176956177,36
DOP853 [rtol=1e-12; atol=1e-13][l=1.0;m=0.5;lb=21930;rb=21940],4,33.96048641204834,30
DOP853 [rtol=1e-12; atol=1e-13][l=1.0;m=0.5;lb=471100;rb=471110],4,252.43886375427246,24
DOP853 [rtol=1e-06; atol=1e-07][l=1.0;m=0.5;lb=416.5;rb=417.5],4,0.4552464485168457,32
DOP853 [rtol=1e-06; atol=1e-07][l=1.0;m=0.5;lb=1035;rb=1037],4,0.9288754463195801,38
DOP853 [rtol=1e-06; atol=1e-07][l=1.0;m=0.5;lb=21930;rb=21940],4,5.550801515579224,28
DOP853 [rtol=1e-06; atol=1e-07][l=1.0;m=0.5;lb=471100;rb=471110],4,37.15428900718689,20
DOP853 [rtol=1e-12; atol=1e-13][l=1.0;m=0.5;lb=416.5;rb=417.5],5,2.5979504585266113,32
DOP853 [rtol=1e-12; atol=1e-13][l=1.0;m=0.5;lb=1035;rb=1037],5,5.125279664993286,36
DOP853 [rtol=1e-12; atol=1e-13][l=1.0;m=0.5;lb=21930;rb=21940],5,33.86975073814392,30
DOP853 [rtol=1e-12; atol=1e-13][l=1.0;m=0.5;lb=471100;rb=471110],5,252.72528958320618,24
DOP853 [rtol=1e-06; atol=1e-07][l=1.0;m=0.5;lb=416.5;rb=417.5],5,0.4725961685180664,32
DOP853 [rtol=1e-06; atol=1e-07][l=1.0;m=0.5;lb=1035;rb=1037],5,0.9304625988006592,38
DOP853 [rtol=1e-06; atol=1e-07][l=1.0;m=0.5;lb=21930;rb=21940],5,5.542520999908447,28
DOP853 [rtol=1e-06; atol=1e-07][l=1.0;m=0.5;lb=471100;rb=471110],5,37.1722354888916,20
DOP853 [rtol=1e-12; atol=1e-13][l=1.0;m=0.5;lb=416.5;rb=417.5],6,2.6062276363372803,32
DOP853 [rtol=1e-12; atol=1e-13][l=1.0;m=0.5;lb=1035;rb=1037],6,5.125860929489136,36
DOP853 [rtol=1e-12; atol=1e-13][l=1.0;m=0.5;lb=21930;rb=21940],6,33.968501567840576,30
DOP853 [rtol=1e-12; atol=1e-13][l=1.0;m=0.5;lb=471100;rb=471110],6,252.24879813194275,24
DOP853 [rtol=1e-06; atol=1e-07][l=1.0;m=0.5;lb=416.5;rb=417.5],6,0.45356130599975586,32
DOP853 [rtol=1e-06; atol=1e-07][l=1.0;m=0.5;lb=1035;rb=1037],6,0.9298152923583984,38
DOP853 [rtol=1e-06; atol=1e-07][l=1.0;m=0.5;lb=21930;rb=21940],6,5.554480075836182,28
DOP853 [rtol=1e-06; atol=1e-07][l=1.0;m=0.5;lb=471100;rb=471110],6,37.11321043968201,20
DOP853 [rtol=1e-12; atol=1e-13][l=1.0;m=0.5;lb=416.5;rb=417.5],7,2.6102051734924316,32
DOP853 [rtol=1e-12; atol=1e-13][l=1.0;m=0.5;lb=1035;rb=1037],7,5.146037817001343,36
DOP853 [rtol=1e-12; atol=1e-13][l=1.0;m=0.5;lb=21930;rb=21940],7,33.87494206428528,30
DOP853 [rtol=1e-12; atol=1e-13][l=1.0;m=0.5;lb=471100;rb=471110],7,252.82368326187134,24
DOP853 [rtol=1e-06; atol=1e-07][l=1.0;m=0.5;lb=416.5;rb=417.5],7,0.45377135276794434,32
DOP853 [rtol=1e-06; atol=1e-07][l=1.0;m=0.5;lb=1035;rb=1037],7,0.9466776847839355,38
DOP853 [rtol=1e-06; atol=1e-07][l=1.0;m=0.5;lb=21930;rb=21940],7,5.5408360958099365,28
DOP853 [rtol=1e-06; atol=1e-07][l=1.0;m=0.5;lb=471100;rb=471110],7,37.1553316116333,20
DOP853 [rtol=1e-12; atol=1e-13][l=1.0;m=0.5;lb=416.5;rb=417.5],8,2.6061084270477295,32
DOP853 [rtol=1e-12; atol=1e-13][l=1.0;m=0.5;lb=1035;rb=1037],8,5.128889799118042,36
DOP853 [rtol=1e-12; atol=1e-13][l=1.0;m=0.5;lb=21930;rb=21940],8,33.86579656600952,30
DOP853 [rtol=1e-12; atol=1e-13][l=1.0;m=0.5;lb=471100;rb=471110],8,252.15930223464966,24
DOP853 [rtol=1e-06; atol=1e-07][l=1.0;m=0.5;lb=416.5;rb=417.5],8,0.45585083961486816,32
DOP853 [rtol=1e-06; atol=1e-07][l=1.0;m=0.5;lb=1035;rb=1037],8,0.9289834499359131,38
DOP853 [rtol=1e-06; atol=1e-07][l=1.0;m=0.5;lb=21930;rb=21940],8,5.538407802581787,28
DOP853 [rtol=1e-06; atol=1e-07][l=1.0;m=0.5;lb=471100;rb=471110],8,37.08674597740173,20
DOP853 [rtol=1e-12; atol=1e-13][l=1.0;m=0.5;lb=416.5;rb=417.5],9,2.6075387001037598,32
DOP853 [rtol=1e-12; atol=1e-13][l=1.0;m=0.5;lb=1035;rb=1037],9,5.1118223667144775,36
DOP853 [rtol=1e-12; atol=1e-13][l=1.0;m=0.5;lb=21930;rb=21940],9,33.9066264629364,30
DOP853 [rtol=1e-12; atol=1e-13][l=1.0;m=0.5;lb=471100;rb=471110],9,252.34151315689087,24
DOP853 [rtol=1e-06; atol=1e-07][l=1.0;m=0.5;lb=416.5;rb=417.5],9,0.4544069766998291,32
DOP853 [rtol=1e-06; atol=1e-07][l=1.0;m=0.5;lb=1035;rb=1037],9,0.9265799522399902,38
DOP853 [rtol=1e-06; atol=1e-07][l=1.0;m=0.5;lb=21930;rb=21940],9,5.5236475467681885,28
DOP853 [rtol=1e-06; atol=1e-07][l=1.0;m=0.5;lb=471100;rb=471110],9,37.11599111557007,20
BDF [rtol=1e-12; atol=1e-13][l=1.0;m=0.5;lb=416.5;rb=417.5],0,43.999431848526,34
BDF [rtol=1e-12; atol=1e-13][l=1.0;m=0.5;lb=1035;rb=1037],0,50.407296895980835,38
BDF [rtol=1e-12; atol=1e-13][l=1.0;m=0.5;lb=21930;rb=21940],0,72.47887945175171,40
BDF [rtol=1e-12; atol=1e-13][l=1.0;m=0.5;lb=471100;rb=471110],0,140.6676299571991,26
BDF [rtol=1e-06; atol=1e-07][l=1.0;m=0.5;lb=416.5;rb=417.5],0,5.162718057632446,32
BDF [rtol=1e-06; atol=1e-07][l=1.0;m=0.5;lb=1035;rb=1037],0,10.20510482788086,36
BDF [rtol=1e-06; atol=1e-07][l=1.0;m=0.5;lb=21930;rb=21940],0,73.4291422367096,32
BDF [rtol=1e-06; atol=1e-07][l=1.0;m=0.5;lb=471100;rb=471110],0,472.333753824234,22
BDF [rtol=1e-12; atol=1e-13][l=1.0;m=0.5;lb=416.5;rb=417.5],1,44.08879470825195,34
BDF [rtol=1e-12; atol=1e-13][l=1.0;m=0.5;lb=1035;rb=1037],1,50.379730224609375,38
BDF [rtol=1e-12; atol=1e-13][l=1.0;m=0.5;lb=21930;rb=21940],1,72.44468021392822,40
BDF [rtol=1e-12; atol=1e-13][l=1.0;m=0.5;lb=471100;rb=471110],1,140.6491711139679,26
BDF [rtol=1e-06; atol=1e-07][l=1.0;m=0.5;lb=416.5;rb=417.5],1,5.142378568649292,32
BDF [rtol=1e-06; atol=1e-07][l=1.0;m=0.5;lb=1035;rb=1037],1,10.209567785263062,36
BDF [rtol=1e-06; atol=1e-07][l=1.0;m=0.5;lb=21930;rb=21940],1,73.32200741767883,32
BDF [rtol=1e-06; atol=1e-07][l=1.0;m=0.5;lb=471100;rb=471110],1,479.91862082481384,22
BDF [rtol=1e-12; atol=1e-13][l=1.0;m=0.5;lb=416.5;rb=417.5],2,44.50920224189758,34
BDF [rtol=1e-12; atol=1e-13][l=1.0;m=0.5;lb=1035;rb=1037],2,50.56520199775696,38
BDF [rtol=1e-12; atol=1e-13][l=1.0;m=0.5;lb=21930;rb=21940],2,73.12812232971191,40
BDF [rtol=1e-12; atol=1e-13][l=1.0;m=0.5;lb=471100;rb=471110],2,145.12581706047058,26
BDF [rtol=1e-06; atol=1e-07][l=1.0;m=0.5;lb=416.5;rb=417.5],2,5.244638919830322,32
BDF [rtol=1e-06; atol=1e-07][l=1.0;m=0.5;lb=1035;rb=1037],2,10.405587911605835,36
BDF [rtol=1e-06; atol=1e-07][l=1.0;m=0.5;lb=21930;rb=21940],2,74.88356828689575,32
BDF [rtol=1e-06; atol=1e-07][l=1.0;m=0.5;lb=471100;rb=471110],2,481.62685775756836,22
BDF [rtol=1e-12; atol=1e-13][l=1.0;m=0.5;lb=416.5;rb=417.5],3,45.5835542678833,34
BDF [rtol=1e-12; atol=1e-13][l=1.0;m=0.5;lb=1035;rb=1037],3,51.37663388252258,38
BDF [rtol=1e-12; atol=1e-13][l=1.0;m=0.5;lb=21930;rb=21940],3,75.13861846923828,40
BDF [rtol=1e-12; atol=1e-13][l=1.0;m=0.5;lb=471100;rb=471110],3,144.68980145454407,26
BDF [rtol=1e-06; atol=1e-07][l=1.0;m=0.5;lb=416.5;rb=417.5],3,5.243380784988403,32
BDF [rtol=1e-06; atol=1e-07][l=1.0;m=0.5;lb=1035;rb=1037],3,10.41455626487732,36
BDF [rtol=1e-06; atol=1e-07][l=1.0;m=0.5;lb=21930;rb=21940],3,75.15919804573059,32
BDF [rtol=1e-06; atol=1e-07][l=1.0;m=0.5;lb=471100;rb=471110],3,481.78225779533386,22
BDF [rtol=1e-12; atol=1e-13][l=1.0;m=0.5;lb=416.5;rb=417.5],4,44.03454542160034,34
BDF [rtol=1e-12; atol=1e-13][l=1.0;m=0.5;lb=1035;rb=1037],4,50.296189308166504,38
BDF [rtol=1e-12; atol=1e-13][l=1.0;m=0.5;lb=21930;rb=21940],4,72.54577302932739,40
BDF [rtol=1e-12; atol=1e-13][l=1.0;m=0.5;lb=471100;rb=471110],4,142.28867506980896,26
BDF [rtol=1e-06; atol=1e-07][l=1.0;m=0.5;lb=416.5;rb=417.5],4,5.1575376987457275,32
BDF [rtol=1e-06; atol=1e-07][l=1.0;m=0.5;lb=1035;rb=1037],4,10.181083917617798,36
BDF [rtol=1e-06; atol=1e-07][l=1.0;m=0.5;lb=21930;rb=21940],4,74.08968877792358,32
BDF [rtol=1e-06; atol=1e-07][l=1.0;m=0.5;lb=471100;rb=471110],4,494.33930826187134,22
BDF [rtol=1e-12; atol=1e-13][l=1.0;m=0.5;lb=416.5;rb=417.5],5,44.13023805618286,34
BDF [rtol=1e-12; atol=1e-13][l=1.0;m=0.5;lb=1035;rb=1037],5,50.66157793998718,38
BDF [rtol=1e-12; atol=1e-13][l=1.0;m=0.5;lb=21930;rb=21940],5,72.73499417304993,40
BDF [rtol=1e-12; atol=1e-13][l=1.0;m=0.5;lb=471100;rb=471110],5,141.64905786514282,26
BDF [rtol=1e-06; atol=1e-07][l=1.0;m=0.5;lb=416.5;rb=417.5],5,5.179039478302002,32
BDF [rtol=1e-06; atol=1e-07][l=1.0;m=0.5;lb=1035;rb=1037],5,10.262903213500977,36
BDF [rtol=1e-06; atol=1e-07][l=1.0;m=0.5;lb=21930;rb=21940],5,73.77256417274475,32
BDF [rtol=1e-06; atol=1e-07][l=1.0;m=0.5;lb=471100;rb=471110],5,482.20868849754333,22
BDF [rtol=1e-12; atol=1e-13][l=1.0;m=0.5;lb=416.5;rb=417.5],6,45.11940312385559,34
BDF [rtol=1e-12; atol=1e-13][l=1.0;m=0.5;lb=1035;rb=1037],6,51.44356656074524,38
BDF [rtol=1e-12; atol=1e-13][l=1.0;m=0.5;lb=21930;rb=21940],6,73.39468955993652,40
BDF [rtol=1e-12; atol=1e-13][l=1.0;m=0.5;lb=471100;rb=471110],6,144.0947070121765,26
BDF [rtol=1e-06; atol=1e-07][l=1.0;m=0.5;lb=416.5;rb=417.5],6,5.2852513790130615,32
BDF [rtol=1e-06; atol=1e-07][l=1.0;m=0.5;lb=1035;rb=1037],6,10.389937400817871,36
BDF [rtol=1e-06; atol=1e-07][l=1.0;m=0.5;lb=21930;rb=21940],6,75.01709079742432,32
BDF [rtol=1e-06; atol=1e-07][l=1.0;m=0.5;lb=471100;rb=471110],6,483.3654417991638,22
BDF [rtol=1e-12; atol=1e-13][l=1.0;m=0.5;lb=416.5;rb=417.5],7,45.23928666114807,34
BDF [rtol=1e-12; atol=1e-13][l=1.0;m=0.5;lb=1035;rb=1037],7,51.81045722961426,38
BDF [rtol=1e-12; atol=1e-13][l=1.0;m=0.5;lb=21930;rb=21940],7,74.51398515701294,40
BDF [rtol=1e-12; atol=1e-13][l=1.0;m=0.5;lb=471100;rb=471110],7,145.64951014518738,26
BDF [rtol=1e-06; atol=1e-07][l=1.0;m=0.5;lb=416.5;rb=417.5],7,5.413729667663574,32
BDF [rtol=1e-06; atol=1e-07][l=1.0;m=0.5;lb=1035;rb=1037],7,10.477455377578735,36
BDF [rtol=1e-06; atol=1e-07][l=1.0;m=0.5;lb=21930;rb=21940],7,75.42092561721802,32
BDF [rtol=1e-06; atol=1e-07][l=1.0;m=0.5;lb=471100;rb=471110],7,481.21878957748413,22
BDF [rtol=1e-12; atol=1e-13][l=1.0;m=0.5;lb=416.5;rb=417.5],8,43.90606713294983,34
BDF [rtol=1e-12; atol=1e-13][l=1.0;m=0.5;lb=1035;rb=1037],8,50.15823841094971,38
BDF [rtol=1e-12; atol=1e-13][l=1.0;m=0.5;lb=21930;rb=21940],8,72.04100584983826,40
BDF [rtol=1e-12; atol=1e-13][l=1.0;m=0.5;lb=471100;rb=471110],8,139.4180085659027,26
BDF [rtol=1e-06; atol=1e-07][l=1.0;m=0.5;lb=416.5;rb=417.5],8,5.101010799407959,32
BDF [rtol=1e-06; atol=1e-07][l=1.0;m=0.5;lb=1035;rb=1037],8,10.104402303695679,36
BDF [rtol=1e-06; atol=1e-07][l=1.0;m=0.5;lb=21930;rb=21940],8,72.61638283729553,32
BDF [rtol=1e-06; atol=1e-07][l=1.0;m=0.5;lb=471100;rb=471110],8,474.15248823165894,22
BDF [rtol=1e-12; atol=1e-13][l=1.0;m=0.5;lb=416.5;rb=417.5],9,45.349945306777954,34
BDF [rtol=1e-12; atol=1e-13][l=1.0;m=0.5;lb=1035;rb=1037],9,51.51089859008789,38
BDF [rtol=1e-12; atol=1e-13][l=1.0;m=0.5;lb=21930;rb=21940],9,74.54761171340942,40
BDF [rtol=1e-12; atol=1e-13][l=1.0;m=0.5;lb=471100;rb=471110],9,144.22779250144958,26
BDF [rtol=1e-06; atol=1e-07][l=1.0;m=0.5;lb=416.5;rb=417.5],9,5.257198333740234,32
BDF [rtol=1e-06; atol=1e-07][l=1.0;m=0.5;lb=1035;rb=1037],9,10.31488037109375,36
BDF [rtol=1e-06; atol=1e-07][l=1.0;m=0.5;lb=21930;rb=21940],9,74.83919072151184,32
BDF [rtol=1e-06; atol=1e-07][l=1.0;m=0.5;lb=471100;rb=471110],9,487.37089562416077,22
RK45 [rtol=1e-12; atol=1e-13][l=1.0;m=0.5;lb=416.5;rb=417.5],0,20.359567403793335,32
RK45 [rtol=1e-12; atol=1e-13][l=1.0;m=0.5;lb=1035;rb=1037],0,40.63077092170715,36
RK45 [rtol=1e-12; atol=1e-13][l=1.0;m=0.5;lb=21930;rb=21940],0,283.33946323394775,30
RK45 [rtol=1e-12; atol=1e-13][l=1.0;m=0.5;lb=471100;rb=471110],0,2131.910126686096,24
RK45 [rtol=1e-06; atol=1e-07][l=1.0;m=0.5;lb=416.5;rb=417.5],0,1.3684136867523193,32
RK45 [rtol=1e-06; atol=1e-07][l=1.0;m=0.5;lb=1035;rb=1037],0,2.7833871841430664,36
RK45 [rtol=1e-06; atol=1e-07][l=1.0;m=0.5;lb=21930;rb=21940],0,18.330796718597412,28
RK45 [rtol=1e-06; atol=1e-07][l=1.0;m=0.5;lb=471100;rb=471110],0,124.75060367584229,20
RK45 [rtol=1e-12; atol=1e-13][l=1.0;m=0.5;lb=416.5;rb=417.5],1,19.915502786636353,32
RK45 [rtol=1e-12; atol=1e-13][l=1.0;m=0.5;lb=1035;rb=1037],1,40.434115409851074,36
RK45 [rtol=1e-12; atol=1e-13][l=1.0;m=0.5;lb=21930;rb=21940],1,279.43949818611145,30
RK45 [rtol=1e-12; atol=1e-13][l=1.0;m=0.5;lb=471100;rb=471110],1,2105.7850003242493,24
RK45 [rtol=1e-06; atol=1e-07][l=1.0;m=0.5;lb=416.5;rb=417.5],1,1.3507657051086426,32
RK45 [rtol=1e-06; atol=1e-07][l=1.0;m=0.5;lb=1035;rb=1037],1,2.7479395866394043,36
RK45 [rtol=1e-06; atol=1e-07][l=1.0;m=0.5;lb=21930;rb=21940],1,18.080884218215942,28
RK45 [rtol=1e-06; atol=1e-07][l=1.0;m=0.5;lb=471100;rb=471110],1,123.32539439201355,20
RK45 [rtol=1e-12; atol=1e-13][l=1.0;m=0.5;lb=416.5;rb=417.5],2,19.75740885734558,32
RK45 [rtol=1e-12; atol=1e-13][l=1.0;m=0.5;lb=1035;rb=1037],2,39.85904622077942,36
RK45 [rtol=1e-12; atol=1e-13][l=1.0;m=0.5;lb=21930;rb=21940],2,276.6820101737976,30
RK45 [rtol=1e-12; atol=1e-13][l=1.0;m=0.5;lb=471100;rb=471110],2,2090.298817873001,24
RK45 [rtol=1e-06; atol=1e-07][l=1.0;m=0.5;lb=416.5;rb=417.5],2,1.3495166301727295,32
RK45 [rtol=1e-06; atol=1e-07][l=1.0;m=0.5;lb=1035;rb=1037],2,2.7399115562438965,36
RK45 [rtol=1e-06; atol=1e-07][l=1.0;m=0.5;lb=21930;rb=21940],2,18.102619886398315,28
RK45 [rtol=1e-06; atol=1e-07][l=1.0;m=0.5;lb=471100;rb=471110],2,122.9473090171814,20
RK45 [rtol=1e-12; atol=1e-13][l=1.0;m=0.5;lb=416.5;rb=417.5],3,19.739632844924927,32
RK45 [rtol=1e-12; atol=1e-13][l=1.0;m=0.5;lb=1035;rb=1037],3,39.819164991378784,36
RK45 [rtol=1e-12; atol=1e-13][l=1.0;m=0.5;lb=21930;rb=21940],3,276.6620759963989,30
RK45 [rtol=1e-12; atol=1e-13][l=1.0;m=0.5;lb=471100;rb=471110],3,2092.123010158539,24
RK45 [rtol=1e-06; atol=1e-07][l=1.0;m=0.5;lb=416.5;rb=417.5],3,1.3430449962615967,32
RK45 [rtol=1e-06; atol=1e-07][l=1.0;m=0.5;lb=1035;rb=1037],3,2.7314305305480957,36
RK45 [rtol=1e-06; atol=1e-07][l=1.0;m=0.5;lb=21930;rb=21940],3,18.09496521949768,28
RK45 [rtol=1e-06; atol=1e-07][l=1.0;m=0.5;lb=471100;rb=471110],3,122.82334232330322,20
RK45 [rtol=1e-12; atol=1e-13][l=1.0;m=0.5;lb=416.5;rb=417.5],4,19.68208599090576,32
RK45 [rtol=1e-12; atol=1e-13][l=1.0;m=0.5;lb=1035;rb=1037],4,39.79551601409912,36
RK45 [rtol=1e-12; atol=1e-13][l=1.0;m=0.5;lb=21930;rb=21940],4,276.74100255966187,30
RK45 [rtol=1e-12; atol=1e-13][l=1.0;m=0.5;lb=471100;rb=471110],4,2091.4301550388336,24
RK45 [rtol=1e-06; atol=1e-07][l=1.0;m=0.5;lb=416.5;rb=417.5],4,1.4022436141967773,32
RK45 [rtol=1e-06; atol=1e-07][l=1.0;m=0.5;lb=1035;rb=1037],4,2.7384073734283447,36
RK45 [rtol=1e-06; atol=1e-07][l=1.0;m=0.5;lb=21930;rb=21940],4,18.09773325920105,28
RK45 [rtol=1e-06; atol=1e-07][l=1.0;m=0.5;lb=471100;rb=471110],4,123.26551508903503,20
RK45 [rtol=1e-12; atol=1e-13][l=1.0;m=0.5;lb=416.5;rb=417.5],5,19.715378284454346,32
RK45 [rtol=1e-12; atol=1e-13][l=1.0;m=0.5;lb=1035;rb=1037],5,39.78163933753967,36
RK45 [rtol=1e-12; atol=1e-13][l=1.0;m=0.5;lb=21930;rb=21940],5,276.27565264701843,30
RK45 [rtol=1e-12; atol=1e-13][l=1.0;m=0.5;lb=471100;rb=471110],5,2089.5343413352966,24
RK45 [rtol=1e-06; atol=1e-07][l=1.0;m=0.5;lb=416.5;rb=417.5],5,1.3642213344573975,32
RK45 [rtol=1e-06; atol=1e-07][l=1.0;m=0.5;lb=1035;rb=1037],5,2.744633436203003,36
RK45 [rtol=1e-06; atol=1e-07][l=1.0;m=0.5;lb=21930;rb=21940],5,18.074723482131958,28
RK45 [rtol=1e-06; atol=1e-07][l=1.0;m=0.5;lb=471100;rb=471110],5,123.02420902252197,20
RK45 [rtol=1e-12; atol=1e-13][l=1.0;m=0.5;lb=416.5;rb=417.5],6,19.72880530357361,32
RK45 [rtol=1e-12; atol=1e-13][l=1.0;m=0.5;lb=1035;rb=1037],6,39.830785274505615,36
RK45 [rtol=1e-12; atol=1e-13][l=1.0;m=0.5;lb=21930;rb=21940],6,276.7376186847687,30
RK45 [rtol=1e-12; atol=1e-13][l=1.0;m=0.5;lb=471100;rb=471110],6,2092.1258783340454,24
RK45 [rtol=1e-06; atol=1e-07][l=1.0;m=0.5;lb=416.5;rb=417.5],6,1.365530014038086,32
RK45 [rtol=1e-06; atol=1e-07][l=1.0;m=0.5;lb=1035;rb=1037],6,2.737299919128418,36
RK45 [rtol=1e-06; atol=1e-07][l=1.0;m=0.5;lb=21930;rb=21940],6,18.11760687828064,28
RK45 [rtol=1e-06; atol=1e-07][l=1.0;m=0.5;lb=471100;rb=471110],6,123.23201704025269,20
RK45 [rtol=1e-12; atol=1e-13][l=1.0;m=0.5;lb=416.5;rb=417.5],7,19.750843286514282,32
RK45 [rtol=1e-12; atol=1e-13][l=1.0;m=0.5;lb=1035;rb=1037],7,39.75347566604614,36
RK45 [rtol=1e-12; atol=1e-13][l=1.0;m=0.5;lb=21930;rb=21940],7,277.1914031505585,30
RK45 [rtol=1e-12; atol=1e-13][l=1.0;m=0.5;lb=471100;rb=471110],7,2093.3720183372498,24
RK45 [rtol=1e-06; atol=1e-07][l=1.0;m=0.5;lb=416.5;rb=417.5],7,1.349637508392334,32
RK45 [rtol=1e-06; atol=1e-07][l=1.0;m=0.5;lb=1035;rb=1037],7,2.7378690242767334,36
RK45 [rtol=1e-06; atol=1e-07][l=1.0;m=0.5;lb=21930;rb=21940],7,18.128403663635254,28
RK45 [rtol=1e-06; atol=1e-07][l=1.0;m=0.5;lb=471100;rb=471110],7,123.15555191040039,20
RK45 [rtol=1e-12; atol=1e-13][l=1.0;m=0.5;lb=416.5;rb=417.5],8,19.711341381072998,32
RK45 [rtol=1e-12; atol=1e-13][l=1.0;m=0.5;lb=1035;rb=1037],8,39.84770750999451,36
RK45 [rtol=1e-12; atol=1e-13][l=1.0;m=0.5;lb=21930;rb=21940],8,276.5382754802704,30
RK45 [rtol=1e-12; atol=1e-13][l=1.0;m=0.5;lb=471100;rb=471110],8,2092.6126124858856,24
RK45 [rtol=1e-06; atol=1e-07][l=1.0;m=0.5;lb=416.5;rb=417.5],8,1.3522629737854004,32
RK45 [rtol=1e-06; atol=1e-07][l=1.0;m=0.5;lb=1035;rb=1037],8,2.7407026290893555,36
RK45 [rtol=1e-06; atol=1e-07][l=1.0;m=0.5;lb=21930;rb=21940],8,18.088364839553833,28
RK45 [rtol=1e-06; atol=1e-07][l=1.0;m=0.5;lb=471100;rb=471110],8,123.25566744804382,20
RK45 [rtol=1e-12; atol=1e-13][l=1.0;m=0.5;lb=416.5;rb=417.5],9,19.694139003753662,32
RK45 [rtol=1e-12; atol=1e-13][l=1.0;m=0.5;lb=1035;rb=1037],9,39.91109895706177,36
RK45 [rtol=1e-12; atol=1e-13][l=1.0;m=0.5;lb=21930;rb=21940],9,277.0092554092407,30
RK45 [rtol=1e-12; atol=1e-13][l=1.0;m=0.5;lb=471100;rb=471110],9,2093.7608687877655,24
RK45 [rtol=1e-06; atol=1e-07][l=1.0;m=0.5;lb=416.5;rb=417.5],9,1.367328405380249,32
RK45 [rtol=1e-06; atol=1e-07][l=1.0;m=0.5;lb=1035;rb=1037],9,2.756883144378662,36
RK45 [rtol=1e-06; atol=1e-07][l=1.0;m=0.5;lb=21930;rb=21940],9,18.132200241088867,28
RK45 [rtol=1e-06; atol=1e-07][l=1.0;m=0.5;lb=471100;rb=471110],9,123.00012540817261,20
